<?xml version="1.0" encoding="UTF-8"?>
<beans xmlns="http://www.springframework.org/schema/beans"
	xmlns:jdbc="http://www.springframework.org/schema/jdbc" xmlns:xsi="http://www.w3.org/2001/XMLSchema-instance"
	xsi:schemaLocation="http://www.springframework.org/schema/beans http://www.springframework.org/schema/beans/spring-beans.xsd
		http://www.springframework.org/schema/jdbc http://www.springframework.org/schema/jdbc/spring-jdbc-3.0.xsd">


	<jdbc:initialize-database data-source="dataSource"
		enabled="true">
		<jdbc:script location="classpath:db-schema.sql" />
		<jdbc:script location="classpath:db-test-data.sql" />
	</jdbc:initialize-database>

	<bean id="dataSource"
		class="org.springframework.jdbc.datasource.DriverManagerDataSource">
		<property name="driverClassName" value="com.mysql.jdbc.Driver" />
		<property name="url" value="jdbc:mysql://localhost/test" />
		<property name="username" value="root" />
		<property name="password" value="root" />
	</bean>

	<bean id="transactionManager"
		class="org.springframework.jdbc.datasource.DataSourceTransactionManager">
		<property name="dataSource" ref="dataSource" />
	</bean>

	<bean id="fundTransferTranManager"
		class="com.springtx.jdbc.examples.SpringTranManagerFundTransferTransaction">
		<property name="dataSource" ref="dataSource" />
		<property name="transactionManager" ref="transactionManager" />
	</bean>

	<bean id="transactionTemplate"
		class="org.springframework.transaction.support.TransactionTemplate">
		<property name="transactionManager" ref="transactionManager" />
	</bean>

	<bean id="fundTransferTranTemplate"
		class="com.springtx.jdbc.examples.SpringTranTemplateFundTransferTransaction">
		<property name="dataSource" ref="dataSource" />
		<property name="transactionTemplate" ref="transactionTemplate" />
	</bean>

</beans>
